age,sex,height_cm,weight_kg,activity_level,goal,target_calories
22,male,169.7,90.5,medium,weight_loss,2346
52,male,175.5,79.8,medium,weight_loss,2223
54,male,187.0,86.5,low,maintenance,2045
58,male,177.6,77.4,low,muscle_gain,2098
49,male,175.2,87.5,low,weight_loss,1799
61,male,174.7,72.8,low,maintenance,1914
39,female,163.3,55.5,medium,maintenance,1933
54,male,179.9,81.6,low,maintenance,2027
57,female,170.5,71.0,medium,maintenance,2035
44,female,164.9,63.1,low,maintenance,1614
58,male,175.3,82.3,medium,maintenance,2595
46,female,166.3,79.0,low,muscle_gain,1808
56,female,174.0,69.0,medium,maintenance,2084
64,male,175.5,86.4,low,weight_loss,1648
54,male,181.9,73.4,medium,weight_loss,2151
41,female,169.2,61.1,medium,weight_loss,1600
34,female,162.0,72.6,medium,weight_loss,1957
30,male,183.9,66.9,low,weight_loss,1679
23,female,156.2,73.1,medium,weight_loss,1770
18,male,173.8,83.3,medium,maintenance,2823
47,female,171.4,70.1,medium,weight_loss,1841
49,female,160.5,58.0,high,maintenance,1920
46,male,176.2,59.4,medium,maintenance,2346
30,female,193.3,72.8,medium,maintenance,2540
62,female,166.7,58.4,low,muscle_gain,1536
43,female,161.7,43.6,medium,weight_loss,1433
52,male,179.0,93.8,high,weight_loss,2564
24,male,195.0,68.5,medium,weight_loss,2431
47,female,168.7,66.4,high,weight_loss,1902
32,female,159.8,69.4,medium,muscle_gain,2329
23,male,188.4,83.1,medium,weight_loss,2535
52,male,179.5,62.9,low,weight_loss,1663
59,female,166.9,87.5,high,weight_loss,2072
64,male,174.8,79.9,low,weight_loss,1720
31,female,175.2,42.0,medium,maintenance,1760
37,female,167.3,79.8,medium,weight_loss,1934
63,female,178.0,74.5,high,weight_loss,1970
41,female,171.9,69.5,low,weight_loss,1449
18,male,193.0,68.1,medium,maintenance,2745
57,female,179.6,56.8,medium,weight_loss,1626
53,male,173.8,67.7,medium,muscle_gain,2445
42,female,159.7,51.6,medium,weight_loss,1412
40,male,180.7,104.2,low,weight_loss,2078
46,female,167.0,65.1,low,weight_loss,1308
27,female,165.6,73.6,medium,weight_loss,1971
64,male,178.0,69.9,low,weight_loss,1751
28,female,182.6,72.4,low,weight_loss,1616
59,female,179.5,70.7,high,weight_loss,2087
55,male,169.1,73.4,medium,maintenance,2333
52,female,168.0,69.1,high,maintenance,2258
50,male,180.4,74.8,medium,maintenance,2665
33,female,176.9,62.4,low,maintenance,1657
55,male,182.7,104.3,low,maintenance,2437
40,male,184.6,75.8,medium,weight_loss,2341
19,female,176.3,64.3,medium,weight_loss,2107
45,female,157.4,66.1,high,muscle_gain,2508
38,male,172.4,65.8,low,maintenance,1807
42,male,172.8,96.2,medium,maintenance,2871
52,male,181.3,102.6,medium,muscle_gain,3294
54,female,181.8,72.2,low,maintenance,1778
52,female,171.9,70.3,low,weight_loss,1372
32,female,173.1,81.0,low,weight_loss,1720
26,male,171.4,82.8,medium,weight_loss,2444
18,male,184.7,87.8,high,maintenance,3198
40,male,174.3,81.5,medium,muscle_gain,2813
63,female,163.6,73.2,high,maintenance,2091
36,male,178.4,73.4,medium,weight_loss,2216
47,female,171.8,74.4,low,weight_loss,1465
55,female,166.9,74.3,low,weight_loss,1443
56,male,167.6,59.2,medium,weight_loss,1857
63,male,179.6,95.2,medium,weight_loss,2263
23,female,169.2,86.0,medium,muscle_gain,2751
56,male,170.9,75.0,medium,muscle_gain,2520
41,female,161.7,73.6,high,maintenance,2456
35,female,165.7,52.0,medium,maintenance,1874
59,male,180.9,98.5,low,maintenance,2276
30,male,186.9,85.4,medium,maintenance,3066
24,female,170.6,69.2,low,maintenance,1799
36,male,180.5,68.3,low,maintenance,1873
61,female,167.7,94.1,low,maintenance,1855
45,male,175.7,82.6,low,maintenance,2130
27,female,170.1,103.4,medium,maintenance,2799
24,male,177.5,77.6,medium,weight_loss,2263
36,female,174.9,76.3,medium,weight_loss,1973
44,female,167.5,80.1,medium,weight_loss,1773
51,male,188.9,92.5,medium,weight_loss,2207
41,male,197.4,86.1,low,maintenance,2149
53,female,170.8,65.8,low,maintenance,1612
51,female,177.2,89.8,medium,muscle_gain,2816
48,female,181.2,60.8,low,maintenance,1627
40,female,167.1,53.8,high,weight_loss,1665
27,female,165.7,83.1,medium,weight_loss,1934
57,male,180.0,77.5,medium,maintenance,2527
52,female,175.7,76.3,medium,maintenance,2255
50,male,177.3,75.7,medium,muscle_gain,2662
45,female,165.9,54.6,low,muscle_gain,1584
36,female,177.2,77.4,low,muscle_gain,2076
37,female,158.4,66.0,low,maintenance,1580
51,male,188.7,97.5,medium,muscle_gain,3054
31,male,175.6,65.0,low,maintenance,1822
48,male,179.9,102.6,high,weight_loss,2953
63,male,174.6,56.9,low,maintenance,1578
59,male,179.9,55.2,low,maintenance,1765
28,male,172.9,87.6,medium,weight_loss,2265
62,female,161.7,70.3,medium,maintenance,1861
52,male,183.7,83.4,low,maintenance,2037
38,female,172.2,58.3,low,maintenance,1537
46,male,169.7,46.2,low,muscle_gain,1680
51,male,175.5,76.0,high,weight_loss,2402
49,female,158.0,76.8,high,weight_loss,1952
43,female,174.9,42.8,low,muscle_gain,1659
34,female,183.3,51.5,low,weight_loss,1286
63,male,187.7,75.5,high,maintenance,2718
64,female,169.3,43.1,low,muscle_gain,1289
64,male,184.3,83.8,low,weight_loss,1774
26,female,189.1,72.9,medium,maintenance,2576
58,female,180.0,59.7,medium,muscle_gain,2132
40,female,176.3,88.0,medium,muscle_gain,2789
61,female,177.6,42.0,low,weight_loss,899
44,female,162.7,64.2,low,weight_loss,1220
47,female,178.4,53.3,low,weight_loss,1259
28,female,169.9,76.8,high,weight_loss,2225
30,female,157.5,76.6,medium,muscle_gain,2446
28,female,151.8,46.0,medium,weight_loss,1481
29,male,168.9,64.3,medium,weight_loss,2096
32,female,172.2,69.2,low,weight_loss,1346
51,male,186.0,96.6,medium,muscle_gain,3210
31,male,192.4,87.2,medium,muscle_gain,3281
29,male,169.9,108.7,high,weight_loss,2872
24,female,175.1,73.2,low,maintenance,1913
56,female,172.7,42.0,low,weight_loss,977
57,male,191.8,99.0,high,maintenance,3293
54,female,161.3,72.6,medium,muscle_gain,2217
61,female,184.4,79.5,low,muscle_gain,1959
37,male,169.3,77.9,low,maintenance,2029
34,male,163.7,78.3,medium,weight_loss,2244
57,female,163.2,51.8,low,maintenance,1412
53,male,176.9,62.6,low,maintenance,1749
19,male,180.0,72.9,low,muscle_gain,2295
25,male,180.2,64.0,low,weight_loss,1586
34,female,155.1,67.4,low,maintenance,1672
48,male,181.2,101.9,low,muscle_gain,2469
58,male,175.4,100.0,medium,weight_loss,2538
64,female,184.0,65.7,low,weight_loss,1607
44,male,172.3,93.6,high,maintenance,3173
33,female,172.2,67.2,low,maintenance,1552
19,male,170.1,59.8,medium,muscle_gain,2623
40,female,159.3,61.3,medium,weight_loss,1666
18,female,175.8,67.9,medium,weight_loss,2010
24,female,169.2,66.6,high,muscle_gain,2648
34,male,169.3,84.0,low,maintenance,1879
56,male,171.3,72.2,low,weight_loss,1523
23,male,172.6,67.9,low,weight_loss,1712
23,male,176.8,102.2,high,weight_loss,2938
52,female,170.6,51.9,low,maintenance,1441
26,female,177.9,83.2,high,weight_loss,2466
51,female,155.0,62.5,high,muscle_gain,2189
33,male,193.1,77.6,medium,maintenance,2831
34,female,173.6,83.3,high,weight_loss,2374
63,female,169.3,80.2,low,muscle_gain,1897
61,male,187.6,84.1,medium,weight_loss,2023
24,male,148.8,55.9,low,muscle_gain,1721
44,female,181.0,60.2,medium,maintenance,2128
56,female,171.0,53.0,medium,weight_loss,1415
31,female,164.1,79.9,low,weight_loss,1530
41,female,174.9,53.0,medium,maintenance,1916
48,male,181.6,86.5,low,weight_loss,1858
64,male,183.1,60.3,high,maintenance,2519
39,male,174.1,92.2,high,weight_loss,2774
36,female,172.8,77.7,medium,muscle_gain,2650
26,male,172.2,74.2,low,weight_loss,1754
33,male,175.0,90.6,low,weight_loss,1992
25,male,164.8,65.4,medium,weight_loss,2039
53,female,175.0,71.8,high,weight_loss,2081
43,male,175.1,49.5,low,maintenance,1738
51,male,179.6,73.0,low,maintenance,1922
63,male,173.5,91.3,high,weight_loss,2551
51,female,170.8,56.3,low,muscle_gain,1646
32,male,181.5,62.6,medium,maintenance,2683
47,female,181.8,69.1,low,weight_loss,1495
35,female,181.6,60.6,high,weight_loss,2055
19,female,173.6,87.2,low,maintenance,1951
23,female,157.3,54.2,low,maintenance,1723
59,male,189.5,83.4,low,maintenance,2078
40,male,174.7,60.4,medium,weight_loss,1954
41,male,178.1,91.1,medium,muscle_gain,3208
22,female,174.0,80.6,low,maintenance,1996
27,female,174.2,51.6,medium,muscle_gain,2167
62,female,176.7,87.8,medium,maintenance,2323
30,female,170.6,82.9,low,maintenance,1821
41,female,170.0,56.5,medium,weight_loss,1640
53,male,177.2,76.6,high,muscle_gain,3040
39,male,189.1,77.7,medium,weight_loss,2332
27,male,178.0,104.1,low,weight_loss,2020
48,male,183.5,86.6,low,weight_loss,1895
20,female,177.7,70.8,medium,maintenance,2422
26,male,189.8,45.7,low,weight_loss,1519
62,female,157.9,53.2,medium,muscle_gain,1931
39,female,167.1,50.9,medium,weight_loss,1498
30,male,165.2,69.3,low,weight_loss,1645
25,female,176.8,55.8,low,weight_loss,1294
46,male,180.9,88.6,high,maintenance,3171
57,male,184.0,107.1,medium,weight_loss,2482
19,female,161.5,48.5,low,weight_loss,1254
48,male,172.6,70.0,low,weight_loss,1598
61,male,174.1,77.4,high,weight_loss,2179
20,female,152.0,50.3,high,maintenance,2159
50,male,184.3,67.4,low,weight_loss,1565
22,male,182.5,72.3,high,maintenance,3040
55,female,163.7,67.4,low,weight_loss,1410
55,male,170.0,103.6,low,maintenance,2199
35,male,163.5,77.6,low,maintenance,2074
36,female,172.4,56.8,low,weight_loss,1327
43,female,166.1,81.0,low,weight_loss,1466
53,male,177.1,68.3,high,maintenance,2686
64,female,181.6,61.8,high,maintenance,2195
46,female,183.0,72.1,low,maintenance,1594
29,female,176.4,67.8,medium,weight_loss,1941
64,female,176.6,69.4,low,maintenance,1409
28,male,184.8,57.9,high,weight_loss,2267
63,male,161.3,88.6,medium,maintenance,2256
52,male,187.9,42.0,low,weight_loss,1430
28,male,181.2,87.9,high,weight_loss,2781
41,female,179.5,56.4,medium,weight_loss,1613
24,female,177.7,71.1,low,weight_loss,1630
41,female,161.4,79.3,low,muscle_gain,2043
29,female,175.3,105.0,medium,maintenance,2885
35,female,165.8,52.5,high,weight_loss,1738
43,female,169.1,63.5,high,muscle_gain,2525
18,male,181.7,74.7,high,maintenance,3080
55,female,177.3,42.7,low,weight_loss,1151
27,male,188.6,97.4,medium,muscle_gain,3515
47,male,165.2,79.7,medium,maintenance,2493
63,male,189.8,97.2,medium,maintenance,2851
31,female,170.8,84.5,low,maintenance,1842
27,male,189.8,72.4,low,weight_loss,1964
56,female,168.5,75.1,high,weight_loss,1973
34,female,166.1,58.9,medium,muscle_gain,2262
49,male,182.1,74.1,medium,muscle_gain,2895
23,female,163.2,98.2,low,muscle_gain,2280
33,male,176.3,85.5,low,maintenance,2083
25,female,177.4,76.2,low,muscle_gain,2017
56,female,156.9,70.3,medium,maintenance,1689
22,female,179.0,57.7,low,maintenance,1825
51,male,180.3,112.6,medium,muscle_gain,3367
51,female,174.1,65.5,medium,maintenance,2047
27,male,178.7,105.0,medium,maintenance,3099
51,female,173.7,80.8,medium,maintenance,2181
43,female,155.9,68.5,low,maintenance,1359
28,male,176.7,109.3,high,weight_loss,3160
36,female,174.5,68.6,medium,maintenance,2160
53,female,159.0,71.6,low,weight_loss,1307
51,male,169.4,75.0,medium,maintenance,2323
23,male,168.5,72.1,low,weight_loss,1723
28,female,174.0,42.0,medium,weight_loss,1600
35,female,174.4,79.5,low,weight_loss,1596
20,male,188.5,75.6,high,muscle_gain,3270
38,male,176.5,74.1,medium,weight_loss,2172
45,female,174.9,74.8,medium,maintenance,2161
64,female,162.3,77.5,medium,muscle_gain,2352
23,male,184.7,83.3,low,maintenance,2234
38,female,163.6,74.7,low,weight_loss,1389
47,male,175.1,60.7,medium,weight_loss,2000
28,male,176.8,74.5,low,maintenance,1966
37,female,164.9,50.7,low,maintenance,1303
50,female,168.2,71.8,low,muscle_gain,1692
49,female,178.2,42.0,low,weight_loss,1137
52,male,172.4,78.3,medium,weight_loss,2190
26,female,166.4,47.6,high,maintenance,2054
24,male,181.6,84.5,high,weight_loss,2649
22,male,187.1,97.7,low,weight_loss,2190
29,female,171.6,64.0,medium,weight_loss,1832
23,female,170.6,57.5,low,weight_loss,1250
47,female,163.9,75.1,medium,maintenance,2232
36,male,187.1,47.2,low,weight_loss,1582
43,female,163.4,69.0,low,maintenance,1688
22,male,185.8,80.1,medium,maintenance,2919
25,male,174.3,89.1,low,maintenance,2222
41,male,176.6,70.3,high,weight_loss,2398
31,male,176.1,58.1,medium,muscle_gain,2671
56,male,197.1,64.6,medium,maintenance,2579
28,female,171.8,67.0,low,maintenance,1723
46,male,179.1,86.3,medium,weight_loss,2394
31,male,172.2,76.1,low,maintenance,1981
46,female,164.9,76.0,high,weight_loss,2040
37,male,173.7,58.0,high,maintenance,2577
32,female,173.3,60.5,low,weight_loss,1410
33,male,174.1,82.0,medium,maintenance,2862
23,female,172.1,81.3,high,muscle_gain,2877
63,male,177.1,65.8,high,muscle_gain,2718
56,female,159.3,81.7,low,weight_loss,1552
22,female,170.8,53.8,medium,maintenance,2071
37,male,177.8,77.0,medium,maintenance,2710
25,female,168.5,55.5,low,weight_loss,1467
55,male,167.5,89.4,high,weight_loss,2475
27,female,177.1,56.2,high,weight_loss,1967
29,female,175.0,90.9,medium,maintenance,2635
33,male,171.8,71.2,low,maintenance,1939
38,female,176.7,54.2,medium,weight_loss,1682
39,male,178.6,61.9,medium,maintenance,2418
61,female,171.7,51.3,medium,weight_loss,1483
49,female,162.1,76.6,medium,muscle_gain,2213
45,female,178.1,43.8,low,maintenance,1373
43,male,175.4,75.4,low,muscle_gain,2129
36,male,181.5,75.7,low,maintenance,1906
29,male,178.0,80.6,medium,muscle_gain,2874
52,female,169.9,69.4,medium,muscle_gain,2350
23,male,175.9,50.5,high,weight_loss,2242
49,male,183.4,92.0,high,muscle_gain,3446
45,male,178.5,64.4,medium,maintenance,2393
45,male,175.9,100.7,low,weight_loss,1924
38,female,158.0,48.7,low,maintenance,1258
26,female,175.3,58.0,medium,weight_loss,1877
18,female,164.5,64.6,medium,weight_loss,1763
28,female,161.3,86.8,medium,muscle_gain,2698
43,female,175.4,61.8,low,weight_loss,1320
24,male,168.4,65.1,medium,weight_loss,2237
54,female,157.0,77.1,low,maintenance,1594
33,female,172.1,52.1,medium,muscle_gain,2209
20,female,163.7,51.1,low,weight_loss,1252
45,female,173.6,60.7,medium,muscle_gain,2312
46,male,177.0,88.7,high,weight_loss,2604
51,male,181.5,69.1,medium,weight_loss,1842
20,male,153.6,71.4,medium,weight_loss,1962
51,female,178.2,42.0,medium,maintenance,1637
61,male,169.9,92.1,low,weight_loss,1684
45,male,188.3,61.1,high,weight_loss,2206
54,female,163.6,49.2,low,maintenance,1125
43,female,155.6,56.5,low,weight_loss,1345
53,male,180.0,55.1,medium,maintenance,2113
19,female,160.4,63.0,low,muscle_gain,1765
31,female,168.1,56.7,low,weight_loss,1320
27,female,176.4,63.7,low,weight_loss,1607
32,female,176.2,42.0,low,weight_loss,1263
33,female,165.5,67.4,medium,maintenance,2119
47,male,171.9,68.7,low,maintenance,1881
33,female,177.7,68.2,low,maintenance,1752
30,male,195.7,73.7,low,maintenance,2198
55,female,179.0,65.7,medium,muscle_gain,2334
18,female,184.2,76.2,low,weight_loss,1822
64,female,169.8,57.8,low,muscle_gain,1530
64,male,179.0,79.0,high,maintenance,2794
37,male,179.6,73.3,high,weight_loss,2509
27,female,170.9,77.3,medium,weight_loss,1956
35,female,177.4,76.2,medium,maintenance,2268
22,male,183.3,87.0,high,weight_loss,2862
44,female,179.3,107.0,medium,weight_loss,2430
60,male,163.5,71.6,medium,muscle_gain,2597
42,female,173.0,62.7,low,maintenance,1602
21,male,176.4,75.2,low,weight_loss,1769
56,female,165.4,49.0,low,weight_loss,931
34,female,173.3,72.4,low,maintenance,1852
34,male,177.2,73.4,low,maintenance,2027
52,male,179.1,91.5,medium,muscle_gain,3103
21,male,163.5,101.6,medium,weight_loss,2495
24,female,167.8,59.8,medium,muscle_gain,2265
53,female,173.1,73.9,low,weight_loss,1462
57,female,170.5,68.5,high,maintenance,2294
52,male,171.5,80.9,medium,weight_loss,2318
46,male,181.4,95.0,low,muscle_gain,2423
41,male,171.6,75.1,medium,weight_loss,2164
32,male,177.2,75.3,low,maintenance,1989
30,female,162.5,80.1,low,maintenance,1801
21,male,171.2,64.9,high,weight_loss,2400
23,male,183.4,69.6,low,weight_loss,1871
30,female,174.8,84.5,low,muscle_gain,2087
34,female,163.2,51.9,low,weight_loss,1258
58,female,173.8,74.1,low,maintenance,1821
45,male,163.1,66.0,medium,muscle_gain,2478
57,female,186.1,74.7,low,weight_loss,1413
43,female,171.4,42.0,low,maintenance,1320
29,female,165.7,64.5,low,maintenance,1736
32,male,174.4,86.1,low,maintenance,2218
43,male,188.3,104.9,medium,weight_loss,2656
19,male,172.8,59.2,medium,maintenance,2458
45,male,169.2,83.3,medium,weight_loss,2375
53,male,181.9,64.9,low,maintenance,1757
50,female,169.7,65.7,low,weight_loss,1431
25,male,166.9,93.2,low,weight_loss,1765
46,female,169.6,83.3,high,maintenance,2645
29,female,178.3,50.4,medium,maintenance,2120
47,male,159.0,69.0,low,weight_loss,1521
24,female,174.9,64.0,medium,muscle_gain,2509
62,female,175.1,79.7,low,muscle_gain,1772
23,female,165.6,42.0,medium,weight_loss,1641
32,female,173.7,72.1,high,weight_loss,2255
48,female,173.6,83.0,medium,weight_loss,2088
18,female,190.6,56.5,low,weight_loss,1495
43,male,155.9,73.9,low,maintenance,1958
19,male,188.3,83.7,medium,weight_loss,2644
22,male,182.0,85.1,low,maintenance,2438
34,male,181.4,97.6,low,weight_loss,1793
19,female,152.2,87.6,low,maintenance,1813
22,female,172.1,66.5,low,maintenance,1985
30,female,178.4,78.8,medium,maintenance,2303
44,female,176.5,53.4,low,weight_loss,1401
36,male,183.2,88.7,medium,muscle_gain,3071
27,female,171.2,71.5,low,muscle_gain,2090
60,male,175.2,86.7,medium,weight_loss,2285
63,male,170.9,91.0,low,weight_loss,1691
57,female,167.2,42.0,low,maintenance,1226
30,male,175.8,91.1,medium,weight_loss,2511
26,male,165.1,89.4,low,maintenance,2004
41,female,156.7,71.3,medium,maintenance,2020
40,female,164.8,75.2,medium,maintenance,2225
31,male,171.1,56.9,low,maintenance,1596
44,male,170.8,102.1,low,maintenance,2336
35,male,172.0,71.2,low,muscle_gain,1985
35,male,190.4,73.9,low,weight_loss,1962
61,male,177.9,105.5,low,weight_loss,1822
58,female,168.1,53.6,low,maintenance,1284
26,female,178.0,65.2,high,maintenance,2464
48,female,176.6,103.5,low,maintenance,2146
41,male,173.7,74.4,high,muscle_gain,3059
54,male,186.0,71.5,low,weight_loss,1544
32,male,176.8,63.4,medium,weight_loss,2051
36,male,183.3,80.2,high,weight_loss,2625
20,male,170.7,80.5,medium,maintenance,2814
42,female,184.5,54.7,medium,weight_loss,1742
55,male,178.9,91.9,low,weight_loss,1820
59,female,176.5,57.2,low,weight_loss,1331
29,female,169.0,42.0,low,maintenance,1448
29,female,178.1,73.8,medium,maintenance,2516
29,male,185.2,75.7,low,weight_loss,1827
21,male,179.0,71.8,medium,muscle_gain,3005
25,male,176.3,105.0,low,muscle_gain,2664
31,male,193.1,89.6,low,maintenance,2429
27,female,179.2,74.6,medium,muscle_gain,2663
58,female,163.0,54.9,low,maintenance,1390
44,male,181.3,75.5,medium,maintenance,2554
22,female,186.2,42.7,medium,weight_loss,1730
61,male,161.3,85.4,low,maintenance,1942
35,male,189.9,85.0,high,muscle_gain,3676
45,male,170.5,82.8,medium,weight_loss,2242
49,female,175.1,87.6,high,maintenance,2729
26,female,162.3,84.7,medium,weight_loss,2146
56,male,180.7,86.4,low,muscle_gain,2380
61,male,183.0,68.3,high,maintenance,2691
36,male,171.4,97.3,low,maintenance,2326
53,female,181.3,65.8,low,weight_loss,1320
44,male,176.4,91.6,medium,maintenance,2860
44,female,166.9,42.0,medium,maintenance,1751
54,male,191.3,70.4,medium,muscle_gain,2803
22,male,176.8,98.9,low,maintenance,2383
40,male,170.1,79.2,high,muscle_gain,3246
43,female,168.3,76.3,medium,maintenance,2222
52,male,170.3,100.3,high,weight_loss,2615
44,male,197.1,65.2,low,weight_loss,1804
63,female,169.8,58.8,low,maintenance,1393
61,male,169.9,70.2,low,maintenance,1723
32,female,166.8,63.2,low,weight_loss,1436
19,female,166.3,73.8,low,maintenance,1951
22,male,163.8,86.4,low,maintenance,2218
40,male,166.1,82.0,medium,weight_loss,2293
19,male,167.8,65.6,high,maintenance,2896
41,male,182.0,82.0,medium,muscle_gain,3065
45,female,176.7,83.6,low,maintenance,1897
56,male,180.4,78.4,high,weight_loss,2394
46,female,168.9,67.9,low,weight_loss,1453
54,female,171.4,85.1,low,maintenance,1743
51,male,170.8,77.6,medium,weight_loss,2005
28,male,191.8,73.5,medium,weight_loss,2294
53,male,197.7,99.5,low,maintenance,2298
31,female,178.2,83.2,low,weight_loss,1648
27,male,169.6,85.5,low,maintenance,2151
54,male,168.4,88.9,low,maintenance,2081
59,male,165.1,72.5,medium,weight_loss,1877
42,male,192.0,91.6,medium,muscle_gain,3304
34,male,176.7,74.0,low,weight_loss,1675
35,female,161.9,88.1,low,maintenance,1953
45,female,170.8,67.2,low,maintenance,1588
37,female,169.1,56.0,medium,maintenance,2024
64,female,167.9,75.0,low,maintenance,1659
57,female,162.1,55.0,low,maintenance,1187
18,female,159.0,58.1,low,maintenance,1545
43,female,165.7,46.5,medium,weight_loss,1549
33,female,172.4,76.5,low,weight_loss,1537
59,male,193.4,56.7,high,weight_loss,2256
36,female,162.0,73.9,low,muscle_gain,1880
38,male,178.6,77.6,high,weight_loss,2561
36,male,169.6,72.1,medium,maintenance,2567
33,female,181.4,86.2,low,maintenance,2130
44,female,171.0,62.2,low,maintenance,1622
37,male,202.5,64.8,medium,weight_loss,2406
51,male,182.6,54.2,low,weight_loss,1310
48,female,152.1,48.5,medium,weight_loss,1394
52,female,177.2,77.5,high,muscle_gain,2797
22,male,179.1,74.4,medium,weight_loss,2350
42,female,164.7,57.7,low,maintenance,1488
61,male,184.5,72.2,medium,weight_loss,2032
27,male,178.3,96.0,medium,muscle_gain,3358
49,male,193.1,80.0,medium,weight_loss,2483
51,male,192.6,65.7,low,maintenance,1950
27,male,172.8,70.5,low,maintenance,2008
20,female,167.5,56.6,high,weight_loss,2066
48,male,156.1,55.3,low,maintenance,1491
43,female,180.1,67.3,low,muscle_gain,1896
39,male,181.4,90.2,high,weight_loss,2766
38,female,167.4,42.0,medium,maintenance,1771
37,female,171.5,94.3,medium,weight_loss,2223
35,female,170.2,44.6,high,maintenance,2187
60,female,178.2,66.3,low,muscle_gain,1746
38,female,163.7,65.2,high,weight_loss,1933
40,female,168.4,70.6,medium,maintenance,2279
27,female,182.7,70.1,medium,maintenance,2528
25,male,197.1,73.2,low,weight_loss,2067
21,female,167.3,84.5,medium,maintenance,2394
18,male,174.3,52.4,medium,weight_loss,2073
28,female,167.2,61.1,medium,weight_loss,1739
39,female,178.5,72.3,high,muscle_gain,2649
36,male,190.0,85.6,low,weight_loss,1907
62,male,167.1,68.2,medium,maintenance,2248
45,female,172.9,82.3,high,weight_loss,2217
35,male,177.4,97.6,medium,weight_loss,2483
56,female,167.0,73.8,low,weight_loss,1481
20,female,162.5,54.4,low,maintenance,1466
23,female,166.2,57.6,low,maintenance,1621
44,male,179.4,75.9,low,weight_loss,1733
39,male,171.2,92.0,medium,maintenance,2851
24,male,171.1,79.9,medium,weight_loss,2393
36,female,161.1,70.2,low,muscle_gain,1865
54,male,170.8,82.2,medium,maintenance,2464
28,female,163.7,92.6,medium,muscle_gain,2757
26,male,182.7,65.8,low,muscle_gain,2295
50,female,170.4,77.6,low,maintenance,1650
19,female,179.7,89.6,high,weight_loss,2644
31,female,168.8,55.5,medium,maintenance,2020
30,male,182.4,83.4,high,maintenance,3188
56,male,181.0,89.4,low,weight_loss,1735
27,female,161.0,84.7,medium,maintenance,2571
49,female,194.3,63.8,low,weight_loss,1504
43,male,177.1,104.9,low,muscle_gain,2496
39,female,168.9,58.5,low,weight_loss,1288
35,female,164.4,66.3,high,weight_loss,2040
51,female,172.7,54.7,high,weight_loss,1679
59,male,183.5,93.7,high,maintenance,2953
42,male,179.4,88.8,low,muscle_gain,2262
56,female,174.5,76.7,low,maintenance,1642
18,female,159.1,47.1,low,maintenance,1362
33,female,178.5,48.8,medium,maintenance,1946
44,male,187.3,75.7,low,weight_loss,1719
40,female,172.6,81.3,low,maintenance,1832
24,female,161.8,81.2,low,maintenance,1947
43,female,178.0,87.0,medium,maintenance,2342
24,female,165.3,54.2,low,muscle_gain,1604
33,female,158.4,60.7,medium,weight_loss,1744
55,male,182.4,95.4,low,weight_loss,1767
58,female,163.2,70.6,low,maintenance,1556
24,male,167.2,92.2,low,muscle_gain,2441
45,female,177.7,61.8,low,weight_loss,1500
26,female,167.3,68.5,low,maintenance,1856
52,male,181.2,42.0,medium,maintenance,1945
24,male,175.4,77.5,low,weight_loss,1700
19,female,153.1,56.3,medium,maintenance,2020
26,male,188.4,69.6,medium,maintenance,2795
50,female,161.8,64.0,low,maintenance,1532
42,female,175.0,73.2,medium,maintenance,2267
48,male,194.5,93.2,low,muscle_gain,2566
49,male,183.6,65.9,medium,muscle_gain,2722
24,female,171.1,82.2,high,weight_loss,2307
58,male,184.2,57.5,medium,maintenance,2296
42,male,180.3,88.2,high,muscle_gain,3402
35,female,169.7,42.0,medium,weight_loss,1485
43,female,173.9,51.9,medium,maintenance,1967
21,male,184.3,59.4,medium,maintenance,2565
34,male,170.7,80.9,high,muscle_gain,3181
26,male,156.4,71.3,medium,weight_loss,2076
38,female,151.9,70.0,low,weight_loss,1221
22,male,175.7,84.2,medium,weight_loss,2295
19,male,173.3,79.9,low,muscle_gain,2343
31,male,175.8,83.2,medium,maintenance,2706
34,female,173.4,66.7,medium,maintenance,2160
40,female,156.2,55.9,low,maintenance,1457
35,male,175.9,54.0,high,muscle_gain,2853
31,female,178.4,45.8,medium,maintenance,2081
55,female,169.7,42.0,medium,weight_loss,1347
28,male,178.5,81.6,high,maintenance,3197
36,female,169.1,81.9,medium,maintenance,2409
46,male,182.2,106.3,medium,muscle_gain,3482
38,male,178.9,62.1,low,maintenance,1873
42,male,193.4,107.8,low,maintenance,2468
49,female,167.4,61.1,medium,weight_loss,1645
19,female,175.6,94.2,medium,weight_loss,2282
56,female,162.5,63.8,medium,muscle_gain,1954
24,female,159.0,73.9,high,weight_loss,1977
39,male,185.5,58.4,medium,weight_loss,2091
62,female,174.9,42.0,medium,maintenance,1616
21,male,185.1,93.6,medium,muscle_gain,3484
44,male,180.1,81.3,low,weight_loss,1681
31,female,171.9,87.2,low,maintenance,2042
20,male,182.8,76.6,medium,muscle_gain,2996
64,female,183.2,64.5,low,muscle_gain,1645
28,male,166.8,71.2,high,muscle_gain,3062
32,male,175.6,86.3,low,maintenance,2219
38,male,178.3,75.6,low,weight_loss,1844
34,male,167.4,58.4,high,maintenance,2513
38,female,172.8,73.6,high,maintenance,2500
52,female,163.5,69.5,medium,muscle_gain,2241
60,male,172.8,102.5,high,maintenance,3167
40,male,168.5,94.5,low,muscle_gain,2359
48,female,173.3,75.1,low,weight_loss,1471
31,female,168.6,86.3,high,weight_loss,2251
60,female,176.8,77.2,low,weight_loss,1438
43,female,154.8,71.8,high,maintenance,2151
29,female,186.4,68.1,low,maintenance,2010
57,male,179.6,68.8,medium,muscle_gain,2717
61,male,181.6,74.7,medium,weight_loss,2038
52,female,181.2,80.6,low,muscle_gain,2119
34,female,176.4,43.9,low,maintenance,1449
64,female,163.9,58.9,low,maintenance,1369
22,female,176.9,83.7,low,weight_loss,1683
29,male,173.0,67.6,high,maintenance,2951
45,male,170.6,97.2,medium,muscle_gain,3195
45,female,169.0,64.6,high,maintenance,2377
54,male,167.2,58.2,medium,maintenance,2059
27,male,166.2,99.9,low,muscle_gain,2522
40,male,180.1,91.9,low,weight_loss,1914
55,male,193.3,67.3,low,muscle_gain,2159
45,female,172.5,64.6,medium,maintenance,1985
35,female,171.1,73.8,high,weight_loss,2002
40,female,185.8,52.3,low,maintenance,1594
28,female,174.5,68.9,high,muscle_gain,2827
49,male,181.4,116.8,medium,weight_loss,2709
22,male,167.4,98.0,high,weight_loss,2803
50,male,168.2,79.3,low,maintenance,1856
50,female,168.1,64.5,medium,maintenance,1968
41,male,183.3,77.9,low,weight_loss,1690
41,female,173.6,73.4,medium,maintenance,2307
30,male,185.3,78.6,medium,weight_loss,2420
32,female,172.0,56.7,medium,muscle_gain,2222
37,male,174.4,73.2,medium,maintenance,2507
24,female,163.9,43.1,medium,maintenance,1790
44,female,177.2,56.8,medium,weight_loss,1655
38,female,176.1,63.8,medium,maintenance,2139
35,male,181.2,55.0,low,maintenance,1839
62,female,169.5,83.4,low,muscle_gain,1952
49,male,174.5,61.2,low,maintenance,1842
28,male,170.7,86.4,low,maintenance,2185
24,female,162.4,85.9,low,muscle_gain,2076
27,female,184.2,60.1,low,maintenance,1718
39,male,166.2,77.6,high,muscle_gain,3150
37,female,167.4,56.5,medium,maintenance,2039
62,male,171.3,82.2,low,weight_loss,1640
52,male,173.8,76.6,low,maintenance,1858
39,male,179.5,101.8,medium,maintenance,3120
31,female,168.3,62.4,medium,maintenance,2126
54,female,161.0,53.5,low,muscle_gain,1404
32,male,180.3,88.1,low,muscle_gain,2432
55,male,177.3,84.1,medium,weight_loss,2025
31,male,199.9,92.1,low,weight_loss,2001
33,male,175.2,81.3,low,weight_loss,1783
58,female,173.2,50.0,high,maintenance,2083
20,male,169.3,85.8,low,weight_loss,1903
42,female,161.8,60.1,low,weight_loss,1298
26,female,172.6,48.8,low,maintenance,1643
45,female,179.9,56.4,low,maintenance,1529
35,female,164.2,50.0,low,weight_loss,1129
38,female,157.2,47.8,high,muscle_gain,2130
51,female,175.3,45.7,low,weight_loss,1354
51,female,161.6,52.4,low,muscle_gain,1669
32,male,167.4,48.7,low,weight_loss,1353
31,female,173.2,71.5,low,maintenance,1831
48,female,177.1,78.1,medium,weight_loss,1898
37,female,176.0,71.9,high,maintenance,2557
46,female,173.8,68.0,low,maintenance,1625
56,female,171.6,76.8,medium,weight_loss,1948
60,female,169.6,66.4,high,maintenance,2173
49,female,170.2,42.0,high,maintenance,1808
41,female,180.5,85.8,low,muscle_gain,2119
37,male,170.0,65.4,low,maintenance,1718
24,male,179.9,103.8,high,weight_loss,3027
36,male,184.0,90.9,low,maintenance,2232
38,male,171.6,71.3,low,weight_loss,1728
23,female,172.3,52.5,medium,maintenance,2103
49,female,178.1,63.6,medium,weight_loss,1790
27,female,172.2,98.3,medium,muscle_gain,2980
45,male,171.3,96.3,high,weight_loss,2713
20,male,179.4,78.4,low,muscle_gain,2364
46,male,179.6,85.1,medium,muscle_gain,2910
42,female,164.8,75.9,high,weight_loss,1981
46,female,174.7,75.3,medium,muscle_gain,2654
54,male,172.5,77.6,medium,weight_loss,2091
21,male,170.3,77.9,low,maintenance,2077
20,female,177.1,65.6,low,maintenance,1847
21,female,176.9,77.0,medium,weight_loss,2140
19,female,164.8,58.2,medium,weight_loss,1721
32,female,169.2,42.0,low,maintenance,1375
48,female,160.3,55.5,high,weight_loss,1663
24,male,186.9,92.0,medium,muscle_gain,3446
54,female,163.5,43.0,high,muscle_gain,2119
60,female,163.9,50.4,low,maintenance,1325
46,male,181.5,76.9,low,muscle_gain,2152
60,female,167.2,77.9,low,maintenance,1753
61,male,182.5,87.8,low,weight_loss,1688
29,female,179.0,80.6,medium,weight_loss,2081
33,female,162.0,72.0,low,weight_loss,1515
41,female,168.3,53.3,medium,weight_loss,1633
37,female,161.6,58.5,medium,maintenance,1855
44,female,168.8,115.4,medium,maintenance,2946
24,female,170.8,94.9,low,muscle_gain,2259
63,female,173.0,55.3,low,weight_loss,1209
18,male,186.4,86.4,medium,muscle_gain,3357
45,male,176.2,84.3,medium,maintenance,2665
33,female,178.5,75.5,medium,muscle_gain,2563
23,male,169.4,72.8,low,maintenance,1844
60,female,179.6,68.1,low,maintenance,1608
19,male,181.2,74.9,low,muscle_gain,2445
27,female,174.6,53.0,medium,muscle_gain,2282
27,female,153.7,71.5,medium,maintenance,2181
26,male,189.1,76.4,low,maintenance,2274
54,male,178.3,84.2,medium,weight_loss,2218
38,male,187.7,86.7,high,weight_loss,2849
60,male,204.2,63.3,low,maintenance,1968
18,male,172.7,92.7,low,muscle_gain,2459
59,female,179.8,75.4,low,weight_loss,1443
45,male,178.2,68.1,medium,muscle_gain,2702
39,male,179.7,87.0,low,weight_loss,1817
45,female,173.9,42.0,high,weight_loss,1504
47,male,190.1,74.8,medium,muscle_gain,2871
36,female,164.6,60.3,low,weight_loss,1409
37,male,167.8,64.8,low,maintenance,1851
52,male,184.1,76.6,low,weight_loss,1807
22,male,184.4,73.5,low,maintenance,2081
43,female,169.0,72.8,medium,weight_loss,1785
46,female,170.6,73.3,medium,maintenance,2317
41,female,166.5,82.3,medium,muscle_gain,2553
35,male,180.1,109.3,low,maintenance,2484
47,female,170.3,70.4,low,maintenance,1696
48,female,162.4,109.3,medium,weight_loss,2129
44,female,162.5,60.8,low,muscle_gain,1685
22,female,184.7,50.3,medium,weight_loss,1873
34,female,171.2,60.4,high,muscle_gain,2384
60,female,169.4,60.2,medium,weight_loss,1509
44,male,181.3,87.3,medium,weight_loss,2367
49,male,169.8,69.5,low,maintenance,1784
27,male,180.8,84.7,low,maintenance,2041
60,female,173.6,64.5,medium,weight_loss,1547
23,male,168.9,104.8,medium,muscle_gain,3277
59,male,174.2,61.5,high,weight_loss,2110
26,female,175.8,61.7,medium,muscle_gain,2298
53,female,171.5,84.9,medium,maintenance,2224
22,male,178.5,73.5,medium,maintenance,2702
39,female,164.5,88.7,medium,weight_loss,2011
54,male,177.6,56.2,low,weight_loss,1494
58,female,168.7,54.9,low,maintenance,1412
61,male,187.3,90.7,medium,maintenance,2674
64,male,179.4,60.5,medium,maintenance,2182
23,female,174.2,72.3,low,weight_loss,1532
37,male,166.8,66.5,low,muscle_gain,2013
23,male,178.8,64.9,medium,weight_loss,2294
34,female,163.9,63.5,medium,weight_loss,1797
48,male,173.0,76.3,medium,weight_loss,2150
64,male,186.7,71.4,medium,weight_loss,2062
56,female,189.4,55.6,low,muscle_gain,1856
57,female,164.6,74.2,medium,muscle_gain,2319
49,male,179.7,79.4,high,maintenance,2897
58,female,183.6,52.3,low,weight_loss,1384
58,female,164.1,53.4,low,maintenance,1291
48,male,179.9,73.0,low,muscle_gain,2033
51,female,164.4,89.4,low,maintenance,1733
56,female,167.9,64.6,medium,maintenance,1951
31,female,176.5,64.8,high,weight_loss,2019
40,female,168.9,68.0,low,weight_loss,1383
51,male,172.4,100.0,medium,weight_loss,2551
43,female,169.9,72.1,low,weight_loss,1346
50,male,186.5,83.8,medium,muscle_gain,3043
39,female,148.4,84.4,high,weight_loss,2154
39,female,164.5,72.0,medium,weight_loss,1862
22,female,176.3,49.4,high,weight_loss,1994
39,female,172.5,63.8,medium,weight_loss,1546
37,female,175.1,73.2,medium,maintenance,2319
31,female,178.4,72.1,medium,weight_loss,1964
55,male,175.2,91.2,low,maintenance,2060
59,male,182.0,101.0,low,weight_loss,1880
57,female,182.4,70.4,low,weight_loss,1455
39,female,176.9,62.0,medium,weight_loss,1955
37,male,178.4,79.2,low,maintenance,2087
63,male,188.4,64.0,medium,weight_loss,2145
54,female,164.7,59.3,low,weight_loss,1134
35,male,182.7,64.5,low,maintenance,2007
18,female,173.1,59.4,low,weight_loss,1370
45,male,165.5,67.4,low,maintenance,1690
27,female,161.6,60.4,low,muscle_gain,1690
61,male,177.8,79.4,high,maintenance,2707
49,female,168.1,53.8,low,maintenance,1383
30,female,169.3,54.9,low,weight_loss,1246
40,female,167.1,74.9,low,muscle_gain,1961
28,male,184.4,105.9,low,maintenance,2483
24,male,182.5,82.1,low,muscle_gain,2468
28,female,162.5,51.7,medium,maintenance,1859
25,female,164.8,57.1,medium,maintenance,2022
52,male,186.9,84.1,medium,maintenance,2709
36,male,183.7,78.7,low,maintenance,2175
60,male,163.5,83.8,medium,maintenance,2459
31,female,163.5,74.7,medium,muscle_gain,2565
22,female,165.3,89.9,low,muscle_gain,2215
36,female,148.0,54.3,high,maintenance,1963
50,female,167.4,52.2,low,maintenance,1376
53,male,195.9,48.6,medium,weight_loss,1848
24,male,184.5,79.3,low,weight_loss,1859
23,male,176.5,83.5,medium,weight_loss,2324
36,female,176.9,70.5,low,weight_loss,1641
29,male,179.3,92.0,low,maintenance,2295
59,female,172.4,89.5,medium,weight_loss,1918
23,male,166.0,102.4,low,muscle_gain,2723
64,female,175.2,63.7,medium,maintenance,1834
64,male,178.3,75.1,medium,weight_loss,2068
59,male,165.5,61.5,high,weight_loss,2039
39,female,145.1,77.3,low,muscle_gain,1677
21,male,184.8,73.7,low,weight_loss,1860
52,female,169.9,80.6,low,weight_loss,1634
33,male,173.5,79.1,medium,maintenance,2657
40,male,179.4,47.0,medium,maintenance,2210
36,male,174.2,70.6,high,maintenance,2854
20,male,174.4,76.6,medium,weight_loss,2214
47,female,161.3,55.6,low,muscle_gain,1380
21,female,179.6,72.7,low,maintenance,1777
27,female,169.7,79.2,low,weight_loss,1528
44,male,175.4,77.2,high,maintenance,2833
20,female,158.3,58.0,high,muscle_gain,2355
48,female,175.3,74.1,low,maintenance,1651
27,male,195.2,81.3,high,maintenance,3174
49,male,169.7,73.8,medium,weight_loss,2094
33,female,165.7,70.8,low,weight_loss,1481
48,male,179.8,102.3,low,weight_loss,1994
21,female,161.2,55.3,low,maintenance,1602
41,male,180.5,73.8,medium,muscle_gain,2843
33,male,194.8,97.4,low,maintenance,2396
23,female,163.8,74.0,medium,maintenance,2401
35,male,164.2,79.3,medium,weight_loss,2146
26,female,171.5,48.6,high,weight_loss,1953
63,female,182.0,81.8,low,maintenance,1913
43,male,174.9,70.6,medium,maintenance,2518
44,female,173.0,59.7,low,muscle_gain,1699
64,male,189.1,85.0,medium,weight_loss,2352
28,female,169.4,42.0,low,maintenance,1419
22,female,174.9,54.3,medium,maintenance,2136
58,male,172.8,81.8,low,muscle_gain,2102
56,female,168.6,47.2,low,muscle_gain,1396
18,male,179.2,87.9,high,maintenance,3348
49,female,156.3,93.6,medium,weight_loss,2016
45,male,174.0,91.6,medium,maintenance,2718
21,female,173.4,82.1,medium,weight_loss,2162
50,male,175.9,75.8,medium,maintenance,2517
48,female,156.8,72.9,high,weight_loss,1980
48,female,158.7,90.4,low,weight_loss,1450
34,male,168.5,92.4,low,muscle_gain,2359
33,male,174.6,43.3,high,weight_loss,2065
24,female,179.3,78.5,low,weight_loss,1738
42,male,183.7,69.2,high,muscle_gain,3103
58,female,173.0,42.0,low,maintenance,1332
48,male,178.0,94.3,low,weight_loss,1944
29,female,170.2,66.8,medium,maintenance,2215
45,female,161.6,78.2,high,weight_loss,2038
39,male,161.0,92.5,medium,weight_loss,2255
23,male,193.3,76.1,low,maintenance,2264
64,female,176.8,57.4,medium,weight_loss,1585
64,female,175.7,85.3,low,maintenance,1649
24,male,180.4,86.7,low,weight_loss,1957
33,female,178.6,99.4,medium,weight_loss,2280
38,female,178.3,65.1,low,weight_loss,1514
63,male,175.9,88.5,low,maintenance,2009
52,female,183.2,75.2,medium,weight_loss,1888
23,female,171.4,47.1,medium,maintenance,1922
43,female,173.8,86.2,low,weight_loss,1529
38,male,178.1,60.9,low,maintenance,1878
64,male,173.3,86.6,high,weight_loss,2357
52,female,156.5,68.6,medium,muscle_gain,2120
46,male,191.0,78.8,medium,maintenance,2775
52,female,164.8,73.9,low,muscle_gain,1774
62,female,182.9,69.5,medium,weight_loss,1649
52,female,178.1,98.2,medium,maintenance,2560
31,male,194.5,77.4,low,maintenance,2068
53,male,172.6,78.9,medium,muscle_gain,2771
63,female,171.8,75.6,low,weight_loss,1389
50,female,170.9,74.2,high,maintenance,2526
41,female,170.6,50.6,low,weight_loss,1250
61,male,170.5,63.4,low,maintenance,1562
31,female,166.8,48.3,medium,maintenance,1831
30,male,182.3,70.0,low,muscle_gain,2307
57,female,177.4,42.0,medium,maintenance,1758
40,male,178.4,76.1,medium,muscle_gain,2935
47,male,173.7,108.6,medium,maintenance,2939
57,female,164.1,64.4,high,maintenance,2174
20,male,186.4,82.0,high,weight_loss,2855
21,male,171.0,78.6,medium,weight_loss,2430
27,female,160.0,73.8,low,weight_loss,1490
49,female,177.2,74.0,high,maintenance,2478
56,male,162.0,90.4,low,weight_loss,1762
35,male,182.7,70.7,low,weight_loss,1674
23,male,193.8,58.6,low,weight_loss,1793
60,female,173.0,53.8,low,maintenance,1531
33,female,162.8,71.7,low,weight_loss,1553
53,male,177.7,88.7,medium,muscle_gain,2898
48,male,187.5,101.2,low,maintenance,2314
35,male,183.7,66.2,low,muscle_gain,2150
21,female,178.6,77.6,medium,muscle_gain,2793
29,male,165.8,70.8,low,weight_loss,1766
42,male,171.5,87.4,medium,weight_loss,2325
38,female,183.5,82.4,low,weight_loss,1723
31,female,179.1,69.6,low,maintenance,1637
35,male,172.7,63.4,low,maintenance,1849
61,female,172.4,80.9,high,weight_loss,2082
36,female,154.5,66.2,high,muscle_gain,2400
47,female,185.4,62.5,medium,weight_loss,1783
39,male,178.0,104.9,low,weight_loss,2005
57,female,170.6,79.6,medium,muscle_gain,2526
19,female,168.0,80.9,medium,weight_loss,2058
22,female,182.2,83.0,high,weight_loss,2414
38,female,182.8,47.1,low,maintenance,1448
20,female,175.0,73.1,low,muscle_gain,2158
52,female,179.5,62.6,low,muscle_gain,1751
39,female,179.2,44.8,low,muscle_gain,1640
18,male,188.3,72.5,low,muscle_gain,2266
54,male,185.7,76.4,low,weight_loss,1597
28,male,177.7,90.0,low,maintenance,2258
30,male,196.3,58.9,low,muscle_gain,2287
46,male,172.6,71.8,high,weight_loss,2343
50,male,167.4,90.2,low,muscle_gain,2191
28,male,177.7,98.1,low,weight_loss,1926
52,male,169.8,69.8,low,maintenance,1906
37,female,177.2,74.8,low,maintenance,1799
49,male,181.9,91.3,medium,maintenance,2878
31,male,174.2,86.6,medium,weight_loss,2293
43,female,175.1,79.4,medium,weight_loss,1950
38,male,189.3,91.3,medium,maintenance,2905
47,female,164.2,63.4,medium,weight_loss,1622
34,male,180.8,71.6,low,maintenance,1955
63,female,152.2,51.7,medium,weight_loss,1231
41,female,160.2,69.4,medium,maintenance,2060
30,male,188.4,58.4,low,maintenance,1907
64,male,189.4,91.4,low,weight_loss,1869
51,male,184.8,77.8,medium,maintenance,2626
31,male,177.7,69.9,medium,weight_loss,2200
34,male,168.8,67.5,high,weight_loss,2198
28,male,181.0,88.4,medium,maintenance,3047
57,male,185.9,84.7,medium,maintenance,2667
53,female,164.9,64.6,high,maintenance,2196
29,male,167.3,102.7,low,muscle_gain,2445
45,female,174.1,85.8,low,maintenance,1887
22,female,167.3,45.1,low,maintenance,1464
59,male,174.2,68.2,low,weight_loss,1549
28,male,169.6,72.3,medium,weight_loss,2233
49,male,170.1,80.9,medium,weight_loss,2181
32,female,172.6,64.4,medium,muscle_gain,2363
40,male,188.7,88.9,high,weight_loss,2646
19,male,178.8,83.2,medium,weight_loss,2394
61,male,189.6,90.8,low,weight_loss,1820
33,male,181.8,115.5,low,maintenance,2423
18,female,179.8,72.6,medium,muscle_gain,2583
50,female,185.3,42.0,low,maintenance,1476
25,male,159.2,86.2,low,weight_loss,1818
49,male,163.1,89.7,high,muscle_gain,3021
24,male,171.2,57.7,high,muscle_gain,2792
64,female,174.8,59.3,low,weight_loss,1202
22,male,179.3,85.3,medium,weight_loss,2484
55,male,177.2,84.4,medium,maintenance,2647
54,male,181.1,80.4,medium,weight_loss,2160
41,male,181.1,83.2,low,weight_loss,1950
32,female,163.0,53.1,medium,weight_loss,1728
41,female,162.8,92.4,medium,maintenance,2556
59,female,187.6,70.5,medium,weight_loss,1725
59,male,187.2,88.4,low,weight_loss,1817
48,male,181.4,82.3,high,weight_loss,2274
63,male,198.6,58.9,low,weight_loss,1513
47,male,181.8,82.1,medium,weight_loss,2530
44,female,171.6,43.1,medium,weight_loss,1372
40,male,178.3,99.2,medium,weight_loss,2369
40,female,175.3,42.1,medium,weight_loss,1613
64,female,175.2,74.3,medium,muscle_gain,2193
35,female,169.0,72.4,medium,weight_loss,1994
57,male,179.9,68.1,low,maintenance,1557
24,male,182.5,71.7,medium,weight_loss,2306
54,male,191.2,78.5,medium,maintenance,2704
54,female,178.9,102.5,medium,weight_loss,2269
44,male,173.2,76.1,high,weight_loss,2346
50,female,184.2,74.5,medium,weight_loss,2066
52,male,178.2,73.8,high,weight_loss,2372
46,female,168.0,69.9,low,weight_loss,1347
63,male,183.6,95.6,low,muscle_gain,2290
40,female,165.5,52.8,low,maintenance,1487
29,female,176.2,61.2,low,maintenance,1724
21,female,166.9,48.4,low,weight_loss,1134
25,female,177.7,102.4,medium,weight_loss,2347
46,male,179.6,68.6,medium,muscle_gain,2774
49,female,169.7,47.0,low,maintenance,1349
24,male,189.5,90.3,medium,weight_loss,2644
36,female,178.1,82.0,low,maintenance,1843
39,male,184.2,79.7,medium,muscle_gain,3093
34,male,169.7,86.8,low,maintenance,2093
64,male,181.7,108.2,medium,maintenance,2963
26,male,167.8,95.5,low,muscle_gain,2582
51,male,187.1,74.9,low,muscle_gain,2264
22,male,180.9,107.6,high,weight_loss,3148
20,female,186.0,83.6,high,muscle_gain,3343
52,female,173.5,73.4,low,maintenance,1664
56,female,183.7,63.6,medium,maintenance,2139
20,male,191.0,82.8,low,weight_loss,2007
29,male,178.5,81.9,low,weight_loss,1811
56,female,191.7,50.1,low,weight_loss,1274
33,male,182.7,82.4,low,muscle_gain,2364
51,male,165.3,63.7,high,weight_loss,2101
23,male,163.3,59.2,medium,maintenance,2426
57,female,176.7,54.6,low,maintenance,1263
26,male,163.5,86.0,medium,weight_loss,2242
53,female,158.4,84.4,low,muscle_gain,1986
18,female,185.3,84.1,low,weight_loss,1792
27,male,181.5,82.5,low,weight_loss,1970
39,female,166.8,59.1,medium,weight_loss,1622
29,female,168.3,76.9,low,weight_loss,1532
32,male,179.4,73.1,low,muscle_gain,2259
58,female,162.3,46.4,low,weight_loss,1064
30,male,179.8,79.3,low,muscle_gain,2100
54,male,170.0,60.1,low,maintenance,1546
43,female,176.1,67.7,high,maintenance,2500
61,female,178.5,64.7,medium,maintenance,1998
18,male,167.3,87.0,low,maintenance,2265
28,male,180.8,102.7,low,maintenance,2401
63,male,175.6,87.6,low,maintenance,2166
24,female,159.2,48.2,medium,weight_loss,1646
43,female,176.6,64.8,medium,weight_loss,1717
63,male,177.2,89.0,low,maintenance,2006
21,female,165.8,54.8,low,maintenance,1589
47,male,191.1,85.0,medium,maintenance,2719
43,female,161.3,48.3,medium,weight_loss,1475
48,female,186.4,54.5,medium,maintenance,1964
63,female,172.9,51.6,low,weight_loss,1205
56,male,192.5,70.4,medium,weight_loss,2123
25,male,181.7,94.2,high,muscle_gain,3794
29,female,167.4,57.1,low,weight_loss,1361
45,male,175.9,114.2,medium,weight_loss,2641
39,female,171.2,57.2,medium,muscle_gain,2087
25,male,174.1,73.9,medium,weight_loss,2324
56,female,167.7,46.7,low,maintenance,1391
36,male,176.9,82.4,low,muscle_gain,2374
54,male,169.5,50.8,high,maintenance,2380
58,male,193.7,79.4,medium,muscle_gain,2890
53,female,153.5,85.0,medium,maintenance,2092
33,male,168.6,77.1,medium,weight_loss,2060
58,female,161.7,80.8,low,maintenance,1646
21,male,190.9,87.7,medium,weight_loss,2590
52,male,188.6,54.1,low,muscle_gain,2069
30,female,163.9,67.5,medium,maintenance,2154
30,female,154.5,61.7,medium,muscle_gain,2186
22,male,191.7,76.8,medium,muscle_gain,3066
41,female,174.3,63.9,high,maintenance,2417
54,female,164.0,68.9,medium,weight_loss,1701
61,male,177.5,57.2,low,maintenance,1740
36,male,173.0,97.0,medium,weight_loss,2532
35,female,169.9,57.7,medium,maintenance,2137
35,male,178.2,90.6,high,weight_loss,2709
61,male,172.7,78.2,medium,weight_loss,2049
35,male,176.7,76.7,low,maintenance,1959
59,female,179.1,66.5,medium,weight_loss,1874
47,male,171.2,73.1,low,weight_loss,1580
42,female,178.1,59.0,low,maintenance,1506
23,male,169.1,66.2,medium,maintenance,2468
30,female,170.4,50.9,low,maintenance,1509
61,female,173.0,42.0,high,maintenance,1776
23,male,183.9,103.0,medium,maintenance,3253
47,male,183.0,63.8,low,maintenance,1960
18,male,178.6,68.0,low,maintenance,2062
30,male,168.8,53.8,medium,maintenance,2322
61,female,182.6,57.0,low,maintenance,1573
34,female,157.1,96.4,high,maintenance,2887
53,male,182.5,97.1,low,maintenance,2266
40,female,185.6,66.1,medium,muscle_gain,2567
18,male,176.0,81.4,medium,weight_loss,2615
35,female,166.5,81.2,low,muscle_gain,2015
48,female,155.7,44.3,medium,muscle_gain,1622
30,male,178.2,76.6,low,muscle_gain,2225
49,male,187.5,85.0,low,weight_loss,1818
27,female,163.5,96.0,medium,weight_loss,2205
21,male,183.9,96.1,low,weight_loss,2198
30,female,170.3,59.7,low,muscle_gain,1701
54,female,182.9,75.7,low,maintenance,1773
61,male,179.1,55.2,high,maintenance,2361
21,male,170.8,90.2,medium,weight_loss,2628
34,female,158.0,59.5,low,weight_loss,1165
50,female,169.9,93.8,medium,weight_loss,1991
42,male,183.8,95.2,medium,maintenance,2827
53,male,184.7,73.9,medium,maintenance,2480
28,male,185.2,81.0,high,muscle_gain,3349
62,male,188.9,78.0,medium,weight_loss,2178
19,male,156.6,82.9,low,maintenance,2138
32,male,187.9,76.3,low,weight_loss,1801
57,female,172.7,69.9,medium,weight_loss,1817
23,female,174.9,69.3,medium,weight_loss,1992
25,female,183.0,66.9,low,muscle_gain,2079
18,female,167.4,71.6,low,maintenance,1824
27,male,175.0,92.7,low,maintenance,2246
46,female,170.6,49.7,medium,weight_loss,1751
61,male,183.7,83.5,low,muscle_gain,2082
53,female,169.6,42.0,low,weight_loss,1057
26,female,167.3,91.1,medium,maintenance,2576
61,female,163.9,56.2,medium,maintenance,1649
51,male,178.9,52.4,low,maintenance,1707
62,female,180.0,87.3,low,weight_loss,1571
40,female,165.5,68.5,low,muscle_gain,1740
22,female,173.3,65.1,medium,muscle_gain,2403
32,female,173.3,70.1,medium,maintenance,2353
54,female,171.7,82.4,medium,weight_loss,2033
40,female,167.7,62.7,low,maintenance,1460
20,female,160.6,51.0,low,maintenance,1378
38,female,175.4,81.8,low,maintenance,1873
36,male,155.3,66.6,medium,maintenance,2245
19,female,164.7,67.9,low,weight_loss,1444
29,female,169.9,42.6,medium,maintenance,1932
27,male,187.4,65.8,low,maintenance,1982
36,female,181.9,50.9,low,weight_loss,1377
34,female,157.2,73.9,medium,maintenance,2167
38,female,168.9,61.9,low,weight_loss,1298
31,male,181.1,104.1,low,maintenance,2378
63,male,176.1,78.0,medium,maintenance,2504
30,female,175.1,70.1,medium,muscle_gain,2519
42,female,175.0,58.2,low,maintenance,1561
21,female,183.5,75.2,medium,maintenance,2619
48,male,176.9,64.8,low,weight_loss,1580
49,male,177.1,87.1,medium,weight_loss,2237
62,female,167.1,60.6,medium,weight_loss,1539
30,male,179.6,90.5,low,maintenance,2239
47,female,161.6,58.7,medium,weight_loss,1589
45,female,156.7,78.5,medium,muscle_gain,2262
39,female,181.0,61.4,low,muscle_gain,1689
22,male,197.6,42.1,low,muscle_gain,2025
61,female,176.5,65.4,high,muscle_gain,2491
41,male,164.8,107.9,medium,weight_loss,2709
21,female,174.4,91.8,high,weight_loss,2443
39,female,167.9,42.9,low,weight_loss,1264
28,female,168.0,73.1,low,weight_loss,1470
32,female,167.7,60.5,medium,maintenance,2002
35,male,167.4,102.6,low,maintenance,2243
60,female,176.4,88.0,low,maintenance,1840
22,male,170.1,64.0,low,weight_loss,1477
38,male,190.1,95.7,low,weight_loss,2035
22,female,178.9,64.0,medium,muscle_gain,2609
54,male,175.4,60.8,medium,muscle_gain,2596
57,male,173.2,65.9,medium,maintenance,2202
37,male,182.2,84.6,low,maintenance,2164
25,male,183.6,78.0,low,weight_loss,1838
42,male,174.4,63.1,low,maintenance,1889
30,male,175.6,99.4,high,maintenance,3507
59,female,184.1,47.4,medium,maintenance,1813
54,male,168.7,95.2,medium,muscle_gain,2870
51,male,187.2,79.6,medium,maintenance,2630
63,male,163.9,71.0,low,weight_loss,1512
38,female,172.8,56.9,medium,weight_loss,1863
56,male,181.1,58.1,low,muscle_gain,1982
56,female,174.9,76.4,medium,maintenance,2134
20,male,174.9,84.9,low,maintenance,2131
55,female,170.4,59.4,low,weight_loss,1197
29,male,170.0,112.8,medium,weight_loss,2795
42,male,157.5,74.4,medium,maintenance,2377
53,female,160.9,72.6,low,maintenance,1525
61,male,177.2,104.8,low,muscle_gain,2444
42,female,175.1,62.8,high,muscle_gain,2665
61,female,185.1,66.8,medium,muscle_gain,2317
46,female,183.2,98.4,low,maintenance,1982
55,male,178.6,76.0,medium,weight_loss,2127
22,male,186.7,78.5,low,maintenance,2205
64,male,184.1,67.7,low,weight_loss,1552
32,male,176.2,91.1,low,weight_loss,1906
21,female,161.8,66.5,medium,maintenance,2156
34,female,177.5,65.7,low,weight_loss,1433
29,male,169.7,59.6,high,weight_loss,2165
53,male,171.3,90.6,low,maintenance,2064
25,male,183.0,71.7,low,maintenance,1958
43,male,176.1,74.2,low,maintenance,2071
21,female,168.4,81.6,low,maintenance,1815
55,female,163.9,69.9,medium,weight_loss,1705
61,male,189.5,73.9,medium,muscle_gain,2752
45,female,163.4,42.0,medium,weight_loss,1400
31,male,193.6,90.6,high,weight_loss,3019
57,male,185.6,89.9,medium,weight_loss,2316
19,female,164.2,64.3,low,maintenance,1678
46,female,181.7,71.2,low,muscle_gain,2114
24,female,171.7,87.0,medium,maintenance,2691
19,male,182.5,87.5,medium,muscle_gain,3411
39,female,166.4,49.9,low,maintenance,1331
18,male,172.7,63.0,low,maintenance,1926
26,male,183.6,95.2,medium,weight_loss,2607
34,female,158.3,54.5,low,weight_loss,1166
36,male,165.2,57.9,low,weight_loss,1348
32,female,166.8,61.5,low,maintenance,1722
36,male,171.5,81.3,high,maintenance,2901
22,female,158.0,67.6,high,maintenance,2417
46,male,182.1,77.5,medium,maintenance,2584
62,male,168.3,87.8,low,maintenance,1846
61,female,179.2,42.0,low,maintenance,1300
42,male,183.8,83.8,low,weight_loss,1957
63,female,185.7,79.6,low,maintenance,1731
62,female,170.2,81.9,medium,maintenance,2167
39,male,181.5,93.1,high,muscle_gain,3591
57,male,185.7,74.9,medium,muscle_gain,2596
49,male,175.3,67.2,high,maintenance,2718
53,male,185.0,92.2,low,maintenance,2131
63,female,169.7,52.4,low,muscle_gain,1419
34,female,179.9,48.7,medium,weight_loss,1717
43,male,167.4,88.0,low,weight_loss,1740
24,male,180.8,88.2,low,maintenance,2355
26,female,171.5,46.1,low,maintenance,1398
48,male,166.7,88.5,medium,maintenance,2650
23,male,182.1,74.5,medium,weight_loss,2292
54,female,171.2,64.3,low,maintenance,1738
33,female,165.5,113.1,high,maintenance,3240
27,female,177.3,64.0,high,maintenance,2550
25,male,181.5,73.8,low,weight_loss,1797
38,female,176.8,70.0,high,maintenance,2407
19,female,171.8,61.2,low,muscle_gain,1948
34,female,171.3,47.9,medium,weight_loss,1599
21,female,166.1,88.6,medium,maintenance,2561
56,male,178.6,77.3,medium,maintenance,2522
51,male,182.8,71.3,low,weight_loss,1592
38,male,169.4,94.2,medium,maintenance,2914
32,male,176.5,65.8,high,maintenance,2830
43,female,170.6,59.7,low,weight_loss,1374
37,male,178.3,75.8,low,weight_loss,1692
24,female,158.2,45.1,high,weight_loss,1628
46,male,179.0,89.1,low,weight_loss,1805
28,male,178.9,62.3,medium,maintenance,2562
56,male,186.5,64.3,medium,maintenance,2470
38,female,170.3,92.7,low,weight_loss,1597
24,female,151.3,51.3,low,muscle_gain,1588
32,male,174.0,66.4,medium,maintenance,2466
59,female,167.6,90.4,low,weight_loss,1441
36,male,187.5,95.8,low,weight_loss,2027
53,male,182.9,106.1,low,maintenance,2386
52,male,181.7,65.8,medium,weight_loss,2006
43,female,179.2,53.7,high,muscle_gain,2434
50,female,174.4,61.4,medium,weight_loss,1788
35,female,163.2,64.3,medium,maintenance,2078
34,female,168.0,67.7,high,maintenance,2421
35,female,165.6,65.3,low,weight_loss,1404
26,male,172.2,76.1,medium,weight_loss,2257
43,male,174.1,79.8,medium,weight_loss,2133
64,male,157.5,64.2,medium,maintenance,2138
24,male,183.4,73.7,medium,maintenance,2746
20,male,175.1,107.6,low,weight_loss,2252
19,female,166.1,52.5,low,maintenance,1553
51,female,174.4,42.0,low,weight_loss,1158
30,female,181.0,65.5,medium,weight_loss,1960
39,male,179.2,74.9,high,maintenance,2850
40,male,174.3,97.3,low,muscle_gain,2429
49,female,180.8,76.1,high,weight_loss,2066
47,male,176.4,69.8,low,weight_loss,1494
22,female,169.4,55.9,medium,muscle_gain,2383
23,male,183.6,82.8,low,weight_loss,1804
43,male,172.0,85.3,low,weight_loss,1556
44,female,177.3,56.3,low,weight_loss,1439
52,male,170.7,119.3,high,muscle_gain,3757
28,male,179.9,91.3,medium,maintenance,3022
19,male,167.4,76.8,medium,muscle_gain,2838
50,male,176.8,87.7,high,maintenance,2880
22,male,175.4,77.7,medium,weight_loss,2438
26,male,184.0,66.3,medium,weight_loss,2232
64,female,179.4,54.9,high,weight_loss,1654
41,male,186.7,83.0,medium,weight_loss,2367
50,female,161.2,77.7,low,weight_loss,1428
20,female,165.4,58.0,low,weight_loss,1367
63,female,163.6,68.7,medium,weight_loss,1692
27,male,184.3,82.7,low,maintenance,2168
25,male,183.1,65.7,low,maintenance,1972
40,female,169.0,68.7,high,weight_loss,2054
46,female,177.7,64.1,low,muscle_gain,1779
42,male,163.2,64.8,medium,muscle_gain,2511
50,male,163.7,93.1,low,weight_loss,1738
41,female,164.2,42.0,medium,weight_loss,1361
27,female,160.3,71.2,medium,maintenance,2187
19,female,168.6,73.1,medium,weight_loss,2044
18,female,173.8,59.7,low,weight_loss,1494
19,male,191.7,75.6,low,weight_loss,2025
30,female,173.6,110.6,low,weight_loss,1902
61,male,174.8,74.4,low,weight_loss,1694
21,male,176.2,90.6,low,weight_loss,1999
43,male,183.4,90.5,high,maintenance,3298
18,male,181.1,85.8,medium,muscle_gain,3219
27,male,166.3,70.9,high,weight_loss,2417
31,female,175.1,59.2,high,weight_loss,1993
40,male,177.8,98.8,low,muscle_gain,2589
38,female,155.7,82.6,high,maintenance,2420
39,female,185.8,53.6,medium,maintenance,2045
37,male,167.6,79.8,high,maintenance,2947
50,male,166.1,91.9,medium,weight_loss,2315
58,male,168.7,105.9,high,weight_loss,2648
63,female,165.8,45.4,medium,weight_loss,1402
42,male,189.0,90.5,low,weight_loss,1945
50,male,178.0,84.3,low,maintenance,2028
35,male,163.2,74.7,medium,weight_loss,2100
44,male,183.3,74.3,low,muscle_gain,2277
25,male,171.4,86.4,medium,maintenance,2923
29,female,154.9,42.0,low,muscle_gain,1422
51,female,165.6,51.5,low,maintenance,1379
39,female,177.2,58.3,medium,maintenance,2153
19,female,164.4,80.0,low,muscle_gain,2172
53,male,173.2,80.4,medium,maintenance,2418
32,female,165.0,61.4,medium,weight_loss,1787
64,female,155.1,56.6,low,maintenance,1305
19,male,171.7,83.5,low,weight_loss,1913
22,female,177.6,58.5,low,maintenance,1761
21,male,176.2,46.1,low,weight_loss,1458
39,male,168.7,72.1,low,weight_loss,1699
55,male,172.4,69.9,low,maintenance,1897
18,male,166.8,61.7,low,maintenance,1723
61,male,190.9,77.0,low,muscle_gain,2108
44,male,177.0,66.7,medium,muscle_gain,2578
31,female,166.5,66.6,medium,weight_loss,1877
54,female,173.5,42.0,low,weight_loss,1144
20,female,160.6,57.4,low,maintenance,1594
41,male,177.9,84.4,low,weight_loss,1808
63,male,162.5,81.9,low,muscle_gain,2051
35,female,169.7,74.8,high,weight_loss,2154
31,male,173.7,76.6,medium,maintenance,2549
56,female,161.4,66.1,low,maintenance,1458
29,male,176.1,64.4,high,muscle_gain,3092
50,female,167.2,60.6,high,maintenance,2106
56,male,168.4,71.9,high,maintenance,2509
30,female,163.0,74.9,low,weight_loss,1375
27,female,176.9,49.4,high,weight_loss,1941
55,male,170.5,66.3,medium,muscle_gain,2266
32,male,169.7,86.5,low,weight_loss,1885
42,male,190.7,65.1,medium,weight_loss,2142
31,male,174.5,109.0,medium,weight_loss,2719
33,male,168.5,61.6,low,maintenance,1792
39,female,150.9,64.3,medium,weight_loss,1700
44,female,173.2,46.0,medium,muscle_gain,2079
50,male,164.5,74.6,medium,weight_loss,2016
62,male,186.2,64.6,medium,maintenance,2303
59,male,177.6,77.7,low,maintenance,1911
38,male,176.4,79.7,low,weight_loss,1805
19,female,174.1,55.6,low,muscle_gain,1900
53,female,182.2,50.8,high,weight_loss,1679
32,female,175.0,66.9,medium,muscle_gain,2410
45,female,164.1,48.5,low,weight_loss,1310
38,female,176.8,82.2,medium,maintenance,2502
55,female,158.7,51.2,medium,maintenance,1634
53,female,156.5,51.6,medium,weight_loss,1416
60,male,196.2,79.7,high,maintenance,2847
29,female,157.2,67.2,medium,maintenance,2228
62,male,164.9,92.6,medium,maintenance,2501
61,male,180.8,88.3,medium,weight_loss,2299
32,male,179.6,78.0,low,weight_loss,1785
34,female,180.2,47.0,medium,weight_loss,1692
24,male,164.7,78.0,medium,maintenance,2610
28,male,165.7,108.7,low,weight_loss,1952
50,female,175.0,55.5,low,weight_loss,1299
55,male,183.3,102.1,low,muscle_gain,2455
28,male,181.9,65.0,high,maintenance,2780
53,male,179.2,79.0,medium,maintenance,2528
43,female,164.8,104.2,medium,muscle_gain,2851
64,male,167.4,86.0,high,maintenance,2843
39,female,166.4,69.7,high,weight_loss,1961
60,female,156.5,72.7,low,maintenance,1394
51,female,179.2,75.2,medium,weight_loss,1856
52,male,166.3,90.4,medium,weight_loss,2273
33,female,177.3,70.0,low,maintenance,1803
19,male,179.6,91.8,low,muscle_gain,2464
61,male,191.1,73.4,medium,maintenance,2358
59,female,172.9,42.0,low,muscle_gain,1459
40,female,177.1,70.0,low,weight_loss,1484
55,male,188.1,101.3,low,maintenance,2225
41,female,174.4,71.6,high,maintenance,2397
46,male,189.0,102.8,low,maintenance,2396
33,male,171.1,79.2,low,maintenance,2240
54,male,170.1,97.1,medium,weight_loss,2325
45,female,174.9,73.4,high,weight_loss,2435
23,female,170.8,48.8,low,maintenance,1492
62,female,184.2,84.5,low,weight_loss,1662
53,male,164.2,90.0,medium,weight_loss,2129
56,male,183.9,72.8,low,weight_loss,1596
34,male,169.1,61.1,low,weight_loss,1606
61,female,163.6,86.1,low,maintenance,1806
48,male,172.5,68.6,medium,weight_loss,1938
26,female,175.2,52.3,low,maintenance,1712
40,female,178.5,73.7,low,muscle_gain,1959
32,male,176.1,86.2,low,muscle_gain,2371
52,male,186.8,84.9,medium,maintenance,2590
37,male,182.1,77.2,high,maintenance,2891
35,male,195.5,95.1,medium,weight_loss,2530
33,female,164.5,56.9,low,maintenance,1563
28,male,172.5,77.8,low,maintenance,2083
30,female,173.3,74.6,low,muscle_gain,2144
44,female,175.3,69.8,low,maintenance,1739
37,female,178.8,58.2,medium,muscle_gain,2225
38,male,180.9,56.2,medium,muscle_gain,2673
32,female,161.0,68.1,medium,maintenance,2118
34,male,182.7,65.9,medium,muscle_gain,2701
26,female,176.7,74.4,medium,maintenance,2341
24,female,177.2,61.1,low,muscle_gain,1844
26,female,173.6,65.6,medium,maintenance,2234
31,female,166.6,70.2,low,maintenance,1618
18,female,173.2,87.6,low,maintenance,2066
31,female,162.5,51.1,low,weight_loss,1181
41,female,165.8,85.4,high,maintenance,2674
19,male,179.5,83.8,medium,maintenance,2894
19,female,170.3,70.6,low,maintenance,1789
56,female,173.8,73.4,low,maintenance,1745
20,female,162.1,62.6,low,muscle_gain,1851
35,male,175.0,77.5,low,maintenance,1957
34,female,164.8,73.6,high,maintenance,2441
18,female,174.9,54.8,low,weight_loss,1376
55,female,178.9,58.6,low,maintenance,1410
29,male,166.7,88.8,medium,maintenance,2670
44,female,177.4,55.7,low,maintenance,1580
40,male,194.1,87.4,low,weight_loss,1781
19,male,173.5,87.6,medium,weight_loss,2402
63,male,168.5,111.4,low,muscle_gain,2553
24,female,179.3,65.7,low,muscle_gain,2066
42,male,168.2,71.8,medium,maintenance,2296
34,male,171.3,60.0,medium,weight_loss,2051
59,male,171.9,46.6,low,muscle_gain,1816
43,female,163.4,62.8,medium,maintenance,1993
34,male,173.4,72.6,low,muscle_gain,2207
49,female,171.0,86.4,low,maintenance,1688
32,male,178.2,106.9,low,weight_loss,2184
45,female,168.3,71.6,low,muscle_gain,1859
28,female,167.1,56.6,medium,maintenance,2068
58,male,172.6,87.0,high,maintenance,2831
63,female,166.9,75.8,low,maintenance,1598
58,female,178.1,65.8,medium,maintenance,1984
58,male,183.2,75.8,low,maintenance,2023
56,female,172.3,61.8,low,muscle_gain,1650
33,male,178.4,81.7,low,maintenance,2132
52,female,164.4,64.6,low,muscle_gain,1712
26,female,177.8,65.8,medium,weight_loss,2065
18,male,183.7,90.7,high,weight_loss,2782
32,female,178.5,59.9,medium,maintenance,2137
35,female,175.9,59.1,low,maintenance,1582
41,male,167.3,76.5,low,weight_loss,1579
39,female,170.1,74.9,medium,maintenance,2280
49,male,179.6,57.1,medium,muscle_gain,2375
52,female,168.2,68.3,low,muscle_gain,1739
44,female,169.1,62.1,medium,maintenance,2032
39,female,173.7,76.6,low,maintenance,1873
50,female,181.9,78.3,low,weight_loss,1478
26,female,161.0,67.7,medium,maintenance,2155
50,female,160.6,61.8,medium,weight_loss,1669
31,female,154.1,67.0,medium,muscle_gain,2202
49,female,169.9,60.8,low,maintenance,1512
52,female,168.4,74.8,medium,weight_loss,1840
54,male,178.8,71.9,low,maintenance,1982
52,female,176.8,54.8,medium,maintenance,2028
39,female,166.1,97.5,low,weight_loss,1706
41,female,167.6,80.2,medium,weight_loss,1926
25,male,177.0,73.1,medium,muscle_gain,2892
47,female,160.3,54.5,medium,maintenance,1706
21,female,161.5,73.4,high,weight_loss,2016
36,female,155.6,67.4,medium,weight_loss,1575
21,male,170.1,63.3,high,muscle_gain,3076
44,male,183.6,48.6,medium,maintenance,2205
32,female,168.9,64.6,low,weight_loss,1419
27,male,181.2,91.6,high,muscle_gain,3732
36,male,192.4,61.3,high,weight_loss,2580
43,male,174.0,74.8,low,maintenance,1940
53,male,178.5,80.2,medium,muscle_gain,2810
52,male,169.2,90.7,low,maintenance,2036
34,female,171.4,88.0,low,maintenance,1891
36,female,171.7,76.3,medium,maintenance,2387
28,male,173.3,54.3,low,weight_loss,1510
52,male,174.3,76.2,high,muscle_gain,3031
33,female,160.4,68.9,high,maintenance,2405
41,female,167.1,71.1,low,maintenance,1715
25,male,177.2,76.6,low,weight_loss,1791
20,male,178.6,101.1,high,maintenance,3490
24,female,175.2,62.4,medium,maintenance,2241
31,male,189.2,79.6,low,weight_loss,1760
44,female,167.0,75.3,low,weight_loss,1431
26,male,184.5,89.0,low,maintenance,2398
58,female,158.9,50.0,medium,maintenance,1566
54,female,168.3,75.0,low,muscle_gain,1702
40,female,179.4,68.3,low,maintenance,1685
29,male,189.2,80.8,low,maintenance,2251
18,female,177.6,76.8,high,weight_loss,2411
45,female,175.3,66.7,low,maintenance,1631
41,male,184.3,100.9,low,weight_loss,2034
18,male,165.8,61.8,medium,weight_loss,2179
54,male,177.8,49.3,low,weight_loss,1523
40,male,184.9,73.3,medium,weight_loss,2203
54,male,189.3,80.6,medium,weight_loss,2384
53,female,173.5,68.8,medium,maintenance,2051
58,male,176.4,59.0,medium,maintenance,2231
60,male,180.4,81.9,high,weight_loss,2434
55,female,167.4,73.0,medium,maintenance,1967
55,male,165.5,101.3,medium,weight_loss,2355
55,male,187.7,96.2,medium,weight_loss,2518
57,male,176.5,75.1,high,muscle_gain,2927
22,female,172.8,73.8,low,muscle_gain,2075
38,female,184.1,60.7,medium,muscle_gain,2384
47,female,176.0,72.9,low,muscle_gain,1952
22,female,171.6,76.8,low,weight_loss,1467
28,female,160.7,87.0,low,weight_loss,1615
22,female,158.0,74.4,low,maintenance,1706
42,male,188.4,95.4,medium,muscle_gain,3316
38,male,187.9,86.5,medium,maintenance,3028
35,male,168.8,93.2,medium,weight_loss,2516
21,female,166.9,51.0,medium,weight_loss,1807
38,male,173.8,72.8,medium,weight_loss,1996
60,female,169.0,52.5,low,muscle_gain,1441
52,female,166.0,66.0,low,weight_loss,1341
56,female,168.7,59.3,high,weight_loss,1754
26,female,160.1,77.0,medium,weight_loss,2020
